{"stats":{"minecraft:mined":{"minecraft:short_grass":5,"minecraft:sand":6},"minecraft:killed":{"minecraft:cow":1},"minecraft:killed_by":{"minecraft:zombie":1},"minecraft:dropped":{"minecraft:sand":3,"minecraft:wheat_seeds":1,"minecraft:beef":1},"minecraft:picked_up":{"minecraft:wheat_seeds":1,"minecraft:beef":1,"minecraft:sand":3},"minecraft:custom":{"minecraft:time_since_rest":196,"minecraft:play_time":35156,"minecraft:sprint_one_cm":10119,"minecraft:deaths":1,"minecraft:damage_taken":235,"minecraft:walk_one_cm":4227,"minecraft:mob_kills":1,"minecraft:drop":3,"minecraft:jump":84,"minecraft:damage_dealt":100,"minecraft:leave_game":3,"minecraft:time_since_death":77,"minecraft:walk_on_water_one_cm":1867,"minecraft:total_world_time":35156,"minecraft:fall_one_cm":2692,"minecraft:fly_one_cm":21081,"minecraft:horse_one_cm":24}},"DataVersion":3953}