{"stats":{"minecraft:mined":{"minecraft:short_grass":5,"minecraft:sand":6},"minecraft:killed":{"minecraft:cow":1},"minecraft:dropped":{"minecraft:sand":3,"minecraft:wheat_seeds":1,"minecraft:beef":1},"minecraft:picked_up":{"minecraft:wheat_seeds":1,"minecraft:beef":1,"minecraft:sand":3},"minecraft:custom":{"minecraft:time_since_rest":3494,"minecraft:play_time":3494,"minecraft:sprint_one_cm":10119,"minecraft:damage_taken":10,"minecraft:walk_one_cm":3897,"minecraft:mob_kills":1,"minecraft:drop":3,"minecraft:jump":82,"minecraft:damage_dealt":100,"minecraft:leave_game":2,"minecraft:time_since_death":3494,"minecraft:walk_on_water_one_cm":476,"minecraft:total_world_time":3494,"minecraft:fall_one_cm":2692,"minecraft:fly_one_cm":20636,"minecraft:horse_one_cm":24}},"DataVersion":3953}